Workbook

Sheet Readme
A1: Introduction
A2: The purpose of the Design Map Generator is to help teachers quickly come out with a design map, which can be used to illustrate learning interactions and the flow of learning data. This will help to alleviate the need to create the boxes and arrows manually via the design map template on powerpoint. Fill in the lesson details in the INPUT tab, the design map will be automatically generated in the OUTPUT tab.
A3: You can also watch a short video at go.gov.sg/dmgbetatutorial to learn how to use the Design Map Generator.
A4: When teachers use the Design Map Generator, they are applying the actions from the EdTech Pedagogical Scaffold (EdTech PS go.gov.sg/edtechps). The Design Map Generator (beta version on Google Slides) encourages teachers to collaboratively engage in lesson design discussion in their PLTs where they can co-design the lesson and discuss the possible refinements.
A5: If you have any feedback, please share it with us at go.gov.sg/eped-feedback
A6: V2024-07-25

Sheet INPUT
A1: Overview
A3: Topic:
A5: Level:
A7: Student profile:
A9: Duration:
A11: Prerequisite knowledge: | C11: Optional
A13: Learning issue to be addressed: | C13: Optional
A15: Learning Outcomes | G15: Success Criteria
A16: # | B16: Subject's Knowledge, Skills, Attitude, Values (KSAV) | D16: 21st Century Competencies | E16: Digital Competencies
A17: Note: 1. Add rows as required
B18: At the end of the lesson, students will be able to: Ref: Syllabus document | D18: At the end of the lesson, students will be able to: Ref: 21CC Benchmarks document | E18: Digital Competencies | G18: I can... Ref: Crafting Success criteria
A24: Learning Experience: | C24: Type of Learning Experience
A26: Design Map (Auto-Generated in OUTPUT tab)
A27: # | B27: Interaction | C27: Active Learning Process | D27: Activity Details | E27: [Optional] Time (mins) | F27: [Optional] Virtual / Physical | G27: [Optional] Synchronous / Asynchronous | H27: [Optional] Key Applications of Technology
A28: Note: 1. Please do not add or delete any rows below. 2. After you have filled in your activities and selected the type of interaction and active learning process, please click on the "Output' tab to view your design map. | E28: =sum(E29:E43) -> 25
A29: 1 | B29: Teacher - Student | D29: Activity ## Details [Tech tool] | E29: 25 | H29: Facilitate Learning Together
A30: 2 | D30: Activity ## Details [Tech tool]
A31: 3 | D31: Activity ## Details [Tech tool]
A32: 4 | D32: Activity ## Details [Tech tool]
A33: 5 | D33: Activity ## Details [Tech tool]
A34: 6 | D34: Activity ## Details [Tech tool]
A35: 7 | D35: Activity ## Details [Tech tool]
A36: 8 | D36: Activity ## Details [Tech tool]
A37: 9 | D37: Activity ## Details [Tech tool]
A38: 10 | D38: Activity ## Details [Tech tool]
A39: 11 | D39: Activity ## Details [Tech tool]
A40: 12 | D40: Activity ## Details [Tech tool]
A41: 13 | D41: Activity ## Details [Tech tool]
... A43: 15 | D43: Activity ## Details [Tech tool]
B45: Level of technology integration: | C45: Optional

Sheet Output
B5: Social Plane
C6: =IMAGE("https://i.imgur.com/JyBXBWJ.jpeg",2) -> #REF! | D6: =IF( LEN(D7)>0,D$54,"") | E6: =IF(LEN(D6)>0,IMAGE(D$47),"") | F6: =IF( LEN(F7)>0,F$54,"") | G6: =IF(LEN(F6)>0,IMAGE(F$47),"") | H6: =IF( LEN(H7)>0,H$54,"") | I6: =IF(LEN(H6)>0,IMAGE(H$47),"") | J6: =IF( LEN(J7)>0,J$54,"") | K6: =IF(LEN(J6)>0,IMAGE(J$47),"") | L6: =IF( LEN(L7)>0,L$54,"") | M6: =IF(LEN(L6)>0,IMAGE(L$47),"") | N6: =IF( LEN(N7)>0,N$54,"") | O6: =IF(LEN(N6)>0,IMAGE(N$47),"") | P6: =IF( LEN(P7)>0,P$54,"") | Q6: =IF(LEN(P6)>0,IMAGE(P$47),"") | R6: =IF( LEN(R7)>0,R$54,"") | S6: =IF(LEN(R6)>0,IMAGE(R$47),"") | T6: =IF( LEN(T7)>0,T$54,"") | U6: =IF(LEN(T6)>0,IMAGE(T$47),"") | V6: =IF( LEN(V7)>0,V$54,"") | W6: =IF(LEN(V6)>0,IMAGE(V$47),"") | X6: =IF( LEN(X7)>0,X$54,"") | Y6: =IF(LEN(X6)>0,IMAGE(X$47),"") | Z6: =IF( LEN(Z7)>0,Z$54,"") | AA6: =IF(LEN(Z6)>0,IMAGE(Z$47),"") | AB6: =IF( LEN(AB7)>0,AB$54,"") | AC6: =IF(LEN(AB6)>0,IMAGE(AB$47),"") | AD6: =IF( LEN(AD7)>0,AD$54,"") | AE6: =IF(LEN(AD6)>0,IMAGE(AD$47),"") | AF6: =IF( LEN(AF7)>0,AF$54,"") | AG6: =IF(LEN(AF6)>0,IMAGE(AF$47),"")
A7: 3 | B7: Community (Student - Community) | D7: =IFERROR(IFS( LEN(D$51)=0,"" ,D$51=$A7,D$52 ,LEN(F$51)=0,"" ,AND(F$51=$A7, D$51<$A7),image("https://i.imgur.com/xlMPbEe.jpeg",2) ,AND(F$51<$A7, D$51<$A7), "" ),"") | E7: =IF(LEN(D7)>0,D$46,"") | F7: =IFERROR(IFS( LEN(F$51)=0,"" ,F$51=$A7,F$52 ,LEN(H$51)=0,"" ,AND(H$51=$A7, F$51<$A7),image("https://i.imgur.com/xlMPbEe.jpeg",2) ,AND(H$51<$A7, F$51<$A7), "" ),"") | G7: =IF(LEN(F7)>0,F$46,"") | H7: =IFERROR(IFS( LEN(H$51)=0,"" ,H$51=$A7,H$52 ,LEN(J$51)=0,"" ,AND(J$51=$A7, H$51<$A7),image("https://i.imgur.com/xlMPbEe.jpeg",2) ,AND(J$51<$A7, H$51<$A7), "" ),"") | I7: =IF(LEN(H7)>0,H$46,"") | J7: =IFERROR(IFS( LEN(J$51)=0,"" ,J$51=$A7,J$52 ,LEN(L$51)=0,"" ,AND(L$51=$A7, J$51<$A7),image("https://i.imgur.com/xlMPbEe.jpeg",2) ,AND(L$51<$A7, J$51<$A7), "" ),"") | K7: =IF(LEN(J7)>0,J$46,"") | L7: =IFERROR(IFS( LEN(L$51)=0,"" ,L$51=$A7,L$52 ,LEN(N$51)=0,"" ,AND(N$51=$A7, L$51<$A7),image("https://i.imgur.com/xlMPbEe.jpeg",2) ,AND(N$51<$A7, L$51<$A7), "" ),"") | M7: =IF(LEN(L7)>0,L$46,"") | N7: =IFERROR(IFS( LEN(N$51)=0,"" ,N$51=$A7,N$52 ,LEN(P$51)=0,"" ,AND(P$51=$A7, N$51<$A7),image("https://i.imgur.com/xlMPbEe.jpeg",2) ,AND(P$51<$A7, N$51<$A7), "" ),"") | O7: =IF(LEN(N7)>0,N$46,"") | P7: =IFERROR(IFS( LEN(P$51)=0,"" ,P$51=$A7,P$52 ,LEN(R$51)=0,"" ,AND(R$51=$A7, P$51<$A7),image("https://i.imgur.com/xlMPbEe.jpeg",2) ,AND(R$51<$A7, P$51<$A7), "" ),"") | Q7: =IF(LEN(P7)>0,P$46,"") | R7: =IFERROR(IFS( LEN(R$51)=0,"" ,R$51=$A7,R$52 ,LEN(T$51)=0,"" ,AND(T$51=$A7, R$51<$A7),image("https://i.imgur.com/xlMPbEe.jpeg",2) ,AND(T$51<$A7, R$51<$A7), "" ),"") | S7: =IF(LEN(R7)>0,R$46,"") | T7: =IFERROR(IFS( LEN(T$51)=0,"" ,T$51=$A7,T$52 ,LEN(V$51)=0,"" ,AND(V$51=$A7, T$51<$A7),image("https://i.imgur.com/xlMPbEe.jpeg",2) ,AND(V$51<$A7, T$51<$A7), "" ),"") | U7: =IF(LEN(T7)>0,T$46,"") | V7: =IFERROR(IFS( LEN(V$51)=0,"" ,V$51=$A7,V$52 ,LEN(X$51)=0,"" ,AND(X$51=$A7, V$51<$A7),image("https://i.imgur.com/xlMPbEe.jpeg",2) ,AND(X$51<$A7, V$51<$A7), "" ),"") | W7: =IF(LEN(V7)>0,V$46,"") | X7: =IFERROR(IFS( LEN(X$51)=0,"" ,X$51=$A7,X$52 ,LEN(Z$51)=0,"" ,AND(Z$51=$A7, X$51<$A7),image("https://i.imgur.com/xlMPbEe.jpeg",2) ,AND(Z$51<$A7, X$51<$A7), "" ),"") | Y7: =IF(LEN(X7)>0,X$46,"") | Z7: =IFERROR(IFS( LEN(Z$51)=0,"" ,Z$51=$A7,Z$52 ,LEN(AB$51)=0,"" ,AND(AB$51=$A7, Z$51<$A7),image("https://i.imgur.com/xlMPbEe.jpeg",2) ,AND(AB$51<$A7, Z$51<$A7), "" ),"") | AA7: =IF(LEN(Z7)>0,Z$46,"") | AB7: =IFERROR(IFS( LEN(AB$51)=0,"" ,AB$51=$A7,AB$52 ,LEN(AD$51)=0,"" ,AND(AD$51=$A7, AB$51<$A7),image("https://i.imgur.com/xlMPbEe.jpeg",2) ,AND(AD$51<$A7, AB$51<$A7), "" ),"") | AC7: =IF(LEN(AB7)>0,AB$46,"") | AD7: =IFERROR(IFS( LEN(AD$51)=0,"" ,AD$51=$A7,AD$52 ,LEN(AF$51)=0,"" ,AND(AF$51=$A7, AD$51<$A7),image("https://i.imgur.com/xlMPbEe.jpeg",2) ,AND(AF$51<$A7, AD$51<$A7), "" ),"") | AE7: =IF(LEN(AD7)>0,AD$46,"") | AF7: =IFERROR(IFS( LEN(AF$51)=0,"" ,AF$51=$A7,AF$52 ,LEN(AH$51)=0,"" ,AND(AH$51=$A7, AF$51<$A7),image("https://i.imgur.com/xlMPbEe.jpeg",2) ,AND(AH$51<$A7, AF$51<$A7), "" ),"") | AG7: =IF(LEN(AF7)>0,AF$46,"")
C8: =IMAGE("https://i.imgur.com/d0hkBzm.jpeg",2) -> #REF! | D8: =iferror(IFS( LEN(D9)>0,D$54 ,AND(NOT(D7=""),NOT(D9="")),image("https://i.imgur.com/KBbzuFB.jpeg",2)) ,"") | E8: =IF(LEN(D8)>0,IMAGE(D$47),"") | F8: =iferror(IFS( LEN(F9)>0,F$54 ,AND(NOT(F7=""),NOT(F9="")),image("https://i.imgur.com/KBbzuFB.jpeg",2)) ,"") | G8: =IF(LEN(F8)>0,IMAGE(F$47),"") | H8: =iferror(IFS( LEN(H9)>0,H$54 ,AND(NOT(H7=""),NOT(H9="")),image("https://i.imgur.com/KBbzuFB.jpeg",2)) ,"") | I8: =IF(LEN(H8)>0,IMAGE(H$47),"") | J8: =iferror(IFS( LEN(J9)>0,J$54 ,AND(NOT(J7=""),NOT(J9="")),image("https://i.imgur.com/KBbzuFB.jpeg",2)) ,"") | K8: =IF(LEN(J8)>0,IMAGE(J$47),"") | L8: =iferror(IFS( LEN(L9)>0,L$54 ,AND(NOT(L7=""),NOT(L9="")),image("https://i.imgur.com/KBbzuFB.jpeg",2)) ,"") | M8: =IF(LEN(L8)>0,IMAGE(L$47),"") | N8: =iferror(IFS( LEN(N9)>0,N$54 ,AND(NOT(N7=""),NOT(N9="")),image("https://i.imgur.com/KBbzuFB.jpeg",2)) ,"") | O8: =IF(LEN(N8)>0,IMAGE(N$47),"") | P8: =iferror(IFS( LEN(P9)>0,P$54 ,AND(NOT(P7=""),NOT(P9="")),image("https://i.imgur.com/KBbzuFB.jpeg",2)) ,"") | Q8: =IF(LEN(P8)>0,IMAGE(P$47),"") | R8: =iferror(IFS( LEN(R9)>0,R$54 ,AND(NOT(R7=""),NOT(R9="")),image("https://i.imgur.com/KBbzuFB.jpeg",2)) ,"") | S8: =IF(LEN(R8)>0,IMAGE(R$47),"") | T8: =iferror(IFS( LEN(T9)>0,T$54 ,AND(NOT(T7=""),NOT(T9="")),image("https://i.imgur.com/KBbzuFB.jpeg",2)) ,"") | U8: =IF(LEN(T8)>0,IMAGE(T$47),"") | V8: =iferror(IFS( LEN(V9)>0,V$54 ,AND(NOT(V7=""),NOT(V9="")),image("https://i.imgur.com/KBbzuFB.jpeg",2)) ,"") | W8: =IF(LEN(V8)>0,IMAGE(V$47),"") | X8: =iferror(IFS( LEN(X9)>0,X$54 ,AND(NOT(X7=""),NOT(X9="")),image("https://i.imgur.com/KBbzuFB.jpeg",2)) ,"") | Y8: =IF(LEN(X8)>0,IMAGE(X$47),"") | Z8: =iferror(IFS( LEN(Z9)>0,Z$54 ,AND(NOT(Z7=""),NOT(Z9="")),image("https://i.imgur.com/KBbzuFB.jpeg",2)) ,"") | AA8: =IF(LEN(Z8)>0,IMAGE(Z$47),"") | AB8: =iferror(IFS( LEN(AB9)>0,AB$54 ,AND(NOT(AB7=""),NOT(AB9="")),image("https://i.imgur.com/KBbzuFB.jpeg",2)) ,"") | AC8: =IF(LEN(AB8)>0,IMAGE(AB$47),"") | AD8: =iferror(IFS( LEN(AD9)>0,AD$54 ,AND(NOT(AD7=""),NOT(AD9="")),image("https://i.imgur.com/KBbzuFB.jpeg",2)) ,"") | AE8: =IF(LEN(AD8)>0,IMAGE(AD$47),"") | AF8: =iferror(IFS( LEN(AF9)>0,AF$54 ,AND(NOT(AF7=""),NOT(AF9="")),image("https://i.imgur.com/KBbzuFB.jpeg",2)) ,"") | AG8: =IF(LEN(AF8)>0,IMAGE(AF$47),"")
A9: 2 | B9: Class (Teacher - Student) | C9: =IMAGE("https://i.imgur.com/d0hkBzm.jpeg",2) -> #REF! | D9: =iferror(IFS( LEN(D$51)=0,"" ,D$51=$A9,D$52 ,LEN(F$51)=0,"" ,AND(F$51=$A9, D$51<$A9),image("https://i.imgur.com/xlMPbEe.jpeg",2) ,AND(F$51=$A9, D$51>$A9),image("https://i.imgur.com/feB6SdS.jpeg",2) ,AND(F$51>$A9, D$51<$A9),image("https://i.imgur.com/KBbzuFB.jpeg",2) ,AND(F$51<$A9, D$51>$A9),image("https://i.imgur.com/KBbzuFB.jpeg",2) ),"") -> Activity ## Details [Tech tool] | E9: =IF(LEN(D9)>0,D$46,"") -> Facilitate Learning Together | F9: =iferror(IFS( LEN(F$51)=0,"" ,F$51=$A9,F$52 ,LEN(H$51)=0,"" ,AND(H$51=$A9, F$51<$A9),image("https://i.imgur.com/xlMPbEe.jpeg",2) ,AND(H$51=$A9, F$51>$A9),image("https://i.imgur.com/feB6SdS.jpeg",2) ,AND(H$51>$A9, F$51<$A9),image("https://i.imgur.com/KBbzuFB.jpeg",2) ,AND(H$51<$A9, F$51>$A9),image("https://i.imgur.com/KBbzuFB.jpeg",2) ),"") | G9: =IF(LEN(F9)>0,F$46,"") | H9: =iferror(IFS( LEN(H$51)=0,"" ,H$51=$A9,H$52 ,LEN(J$51)=0,"" ,AND(J$51=$A9, H$51<$A9),image("https://i.imgur.com/xlMPbEe.jpeg",2) ,AND(J$51=$A9, H$51>$A9),image("https://i.imgur.com/feB6SdS.jpeg",2) ,AND(J$51>$A9, H$51<$A9),image("https://i.imgur.com/KBbzuFB.jpeg",2) ,AND(J$51<$A9, H$51>$A9),image("https://i.imgur.com/KBbzuFB.jpeg",2) ),"") | I9: =IF(LEN(H9)>0,H$46,"") | J9: =iferror(IFS( LEN(J$51)=0,"" ,J$51=$A9,J$52 ,LEN(L$51)=0,"" ,AND(L$51=$A9, J$51<$A9),image("https://i.imgur.com/xlMPbEe.jpeg",2) ,AND(L$51=$A9, J$51>$A9),image("https://i.imgur.com/feB6SdS.jpeg",2) ,AND(L$51>$A9, J$51<$A9),image("https://i.imgur.com/KBbzuFB.jpeg",2) ,AND(L$51<$A9, J$51>$A9),image("https://i.imgur.com/KBbzuFB.jpeg",2) ),"") | K9: =IF(LEN(J9)>0,J$46,"") | L9: =iferror(IFS( LEN(L$51)=0,"" ,L$51=$A9,L$52 ,LEN(N$51)=0,"" ,AND(N$51=$A9, L$51<$A9),image("https://i.imgur.com/xlMPbEe.jpeg",2) ,AND(N$51=$A9, L$51>$A9),image("https://i.imgur.com/feB6SdS.jpeg",2) ,AND(N$51>$A9, L$51<$A9),image("https://i.imgur.com/KBbzuFB.jpeg",2) ,AND(N$51<$A9, L$51>$A9),image("https://i.imgur.com/KBbzuFB.jpeg",2) ),"") | M9: =IF(LEN(L9)>0,L$46,"") | N9: =iferror(IFS( LEN(N$51)=0,"" ,N$51=$A9,N$52 ,LEN(P$51)=0,"" ,AND(P$51=$A9, N$51<$A9),image("https://i.imgur.com/xlMPbEe.jpeg",2) ,AND(P$51=$A9, N$51>$A9),image("https://i.imgur.com/feB6SdS.jpeg",2) ,AND(P$51>$A9, N$51<$A9),image("https://i.imgur.com/KBbzuFB.jpeg",2) ,AND(P$51<$A9, N$51>$A9),image("https://i.imgur.com/KBbzuFB.jpeg",2) ),"") | O9: =IF(LEN(N9)>0,N$46,"") | P9: =iferror(IFS( LEN(P$51)=0,"" ,P$51=$A9,P$52 ,LEN(R$51)=0,"" ,AND(R$51=$A9, P$51<$A9),image("https://i.imgur.com/xlMPbEe.jpeg",2) ,AND(R$51=$A9, P$51>$A9),image("https://i.imgur.com/feB6SdS.jpeg",2) ,AND(R$51>$A9, P$51<$A9),image("https://i.imgur.com/KBbzuFB.jpeg",2) ,AND(R$51<$A9, P$51>$A9),image("https://i.imgur.com/KBbzuFB.jpeg",2) ),"") | Q9: =IF(LEN(P9)>0,P$46,"") | R9: =iferror(IFS( LEN(R$51)=0,"" ,R$51=$A9,R$52 ,LEN(T$51)=0,"" ,AND(T$51=$A9, R$51<$A9),image("https://i.imgur.com/xlMPbEe.jpeg",2) ,AND(T$51=$A9, R$51>$A9),image("https://i.imgur.com/feB6SdS.jpeg",2) ,AND(T$51>$A9, R$51<$A9),image("https://i.imgur.com/KBbzuFB.jpeg",2) ,AND(T$51<$A9, R$51>$A9),image("https://i.imgur.com/KBbzuFB.jpeg",2) ),"") | S9: =IF(LEN(R9)>0,R$46,"") | T9: =iferror(IFS( LEN(T$51)=0,"" ,T$51=$A9,T$52 ,LEN(V$51)=0,"" ,AND(V$51=$A9, T$51<$A9),image("https://i.imgur.com/xlMPbEe.jpeg",2) ,AND(V$51=$A9, T$51>$A9),image("https://i.imgur.com/feB6SdS.jpeg",2) ,AND(V$51>$A9, T$51<$A9),image("https://i.imgur.com/KBbzuFB.jpeg",2) ,AND(V$51<$A9, T$51>$A9),image("https://i.imgur.com/KBbzuFB.jpeg",2) ),"") | U9: =IF(LEN(T9)>0,T$46,"") | V9: =iferror(IFS( LEN(V$51)=0,"" ,V$51=$A9,V$52 ,LEN(X$51)=0,"" ,AND(X$51=$A9, V$51<$A9),image("https://i.imgur.com/xlMPbEe.jpeg",2) ,AND(X$51=$A9, V$51>$A9),image("https://i.imgur.com/feB6SdS.jpeg",2) ,AND(X$51>$A9, V$51<$A9),image("https://i.imgur.com/KBbzuFB.jpeg",2) ,AND(X$51<$A9, V$51>$A9),image("https://i.imgur.com/KBbzuFB.jpeg",2) ),"") | W9: =IF(LEN(V9)>0,V$46,"") | X9: =iferror(IFS( LEN(X$51)=0,"" ,X$51=$A9,X$52 ,LEN(Z$51)=0,"" ,AND(Z$51=$A9, X$51<$A9),image("https://i.imgur.com/xlMPbEe.jpeg",2) ,AND(Z$51=$A9, X$51>$A9),image("https://i.imgur.com/feB6SdS.jpeg",2) ,AND(Z$51>$A9, X$51<$A9),image("https://i.imgur.com/KBbzuFB.jpeg",2) ,AND(Z$51<$A9, X$51>$A9),image("https://i.imgur.com/KBbzuFB.jpeg",2) ),"") | Y9: =IF(LEN(X9)>0,X$46,"") | Z9: =iferror(IFS( LEN(Z$51)=0,"" ,Z$51=$A9,Z$52 ,LEN(AB$51)=0,"" ,AND(AB$51=$A9, Z$51<$A9),image("https://i.imgur.com/xlMPbEe.jpeg",2) ,AND(AB$51=$A9, Z$51>$A9),image("https://i.imgur.com/feB6SdS.jpeg",2) ,AND(AB$51>$A9, Z$51<$A9),image("https://i.imgur.com/KBbzuFB.jpeg",2) ,AND(AB$51<$A9, Z$51>$A9),image("https://i.imgur.com/KBbzuFB.jpeg",2) ),"") | AA9: =IF(LEN(Z9)>0,Z$46,"") | AB9: =iferror(IFS( LEN(AB$51)=0,"" ,AB$51=$A9,AB$52 ,LEN(AD$51)=0,"" ,AND(AD$51=$A9, AB$51<$A9),image("https://i.imgur.com/xlMPbEe.jpeg",2) ,AND(AD$51=$A9, AB$51>$A9),image("https://i.imgur.com/feB6SdS.jpeg",2) ,AND(AD$51>$A9, AB$51<$A9),image("https://i.imgur.com/KBbzuFB.jpeg",2) ,AND(AD$51<$A9, AB$51>$A9),image("https://i.imgur.com/KBbzuFB.jpeg",2) ),"") | AC9: =IF(LEN(AB9)>0,AB$46,"") | AD9: =iferror(IFS( LEN(AD$51)=0,"" ,AD$51=$A9,AD$52 ,LEN(AF$51)=0,"" ,AND(AF$51=$A9, AD$51<$A9),image("https://i.imgur.com/xlMPbEe.jpeg",2) ,AND(AF$51=$A9, AD$51>$A9),image("https://i.imgur.com/feB6SdS.jpeg",2) ,AND(AF$51>$A9, AD$51<$A9),image("https://i.imgur.com/KBbzuFB.jpeg",2) ,AND(AF$51<$A9, AD$51>$A9),image("https://i.imgur.com/KBbzuFB.jpeg",2) ),"") | AE9: =IF(LEN(AD9)>0,AD$46,"") | AF9: =iferror(IFS( LEN(AF$51)=0,"" ,AF$51=$A9,AF$52 ,LEN(AH$51)=0,"" ,AND(AH$51=$A9, AF$51<$A9),image("https://i.imgur.com/xlMPbEe.jpeg",2) ,AND(AH$51=$A9, AF$51>$A9),image("https://i.imgur.com/feB6SdS.jpeg",2) ,AND(AH$51>$A9, AF$51<$A9),image("https://i.imgur.com/KBbzuFB.jpeg",2) ,AND(AH$51<$A9, AF$51>$A9),image("https://i.imgur.com/KBbzuFB.jpeg",2) ),"") | AG9: =IF(LEN(AF9)>0,AF$46,"")
C10: =IMAGE("https://i.imgur.com/d0hkBzm.jpeg",2) -> #REF! | D10: =iferror(IFS( LEN(D11)>0,D$54 ,AND(NOT(D9=""),NOT(D11="")),image("https://i.imgur.com/KBbzuFB.jpeg",2)) ,"") | E10: =IF(LEN(D10)>0,IMAGE(D$47),"") | F10: =iferror(IFS( LEN(F11)>0,F$54 ,AND(NOT(F9=""),NOT(F11="")),image("https://i.imgur.com/KBbzuFB.jpeg",2)) ,"") | G10: =IF(LEN(F10)>0,IMAGE(F$47),"") | H10: =iferror(IFS( LEN(H11)>0,H$54 ,AND(NOT(H9=""),NOT(H11="")),image("https://i.imgur.com/KBbzuFB.jpeg",2)) ,"") | I10: =IF(LEN(H10)>0,IMAGE(H$47),"") | J10: =iferror(IFS( LEN(J11)>0,J$54 ,AND(NOT(J9=""),NOT(J11="")),image("https://i.imgur.com/KBbzuFB.jpeg",2)) ,"") | K10: =IF(LEN(J10)>0,IMAGE(J$47),"") | L10: =iferror(IFS( LEN(L11)>0,L$54 ,AND(NOT(L9=""),NOT(L11="")),image("https://i.imgur.com/KBbzuFB.jpeg",2)) ,"") | M10: =IF(LEN(L10)>0,IMAGE(L$47),"") | N10: =iferror(IFS( LEN(N11)>0,N$54 ,AND(NOT(N9=""),NOT(N11="")),image("https://i.imgur.com/KBbzuFB.jpeg",2)) ,"") | O10: =IF(LEN(N10)>0,IMAGE(N$47),"") | P10: =iferror(IFS( LEN(P11)>0,P$54 ,AND(NOT(P9=""),NOT(P11="")),image("https://i.imgur.com/KBbzuFB.jpeg",2)) ,"") | Q10: =IF(LEN(P10)>0,IMAGE(P$47),"") | R10: =iferror(IFS( LEN(R11)>0,R$54 ,AND(NOT(R9=""),NOT(R11="")),image("https://i.imgur.com/KBbzuFB.jpeg",2)) ,"") | S10: =IF(LEN(R10)>0,IMAGE(R$47),"") | T10: =iferror(IFS( LEN(T11)>0,T$54 ,AND(NOT(T9=""),NOT(T11="")),image("https://i.imgur.com/KBbzuFB.jpeg",2)) ,"") | U10: =IF(LEN(T10)>0,IMAGE(T$47),"") | V10: =iferror(IFS( LEN(V11)>0,V$54 ,AND(NOT(V9=""),NOT(V11="")),image("https://i.imgur.com/KBbzuFB.jpeg",2)) ,"") | W10: =IF(LEN(V10)>0,IMAGE(V$47),"") | X10: =iferror(IFS( LEN(X11)>0,X$54 ,AND(NOT(X9=""),NOT(X11="")),image("https://i.imgur.com/KBbzuFB.jpeg",2)) ,"") | Y10: =IF(LEN(X10)>0,IMAGE(X$47),"") | Z10: =iferror(IFS( LEN(Z11)>0,Z$54 ,AND(NOT(Z9=""),NOT(Z11="")),image("https://i.imgur.com/KBbzuFB.jpeg",2)) ,"") | AA10: =IF(LEN(Z10)>0,IMAGE(Z$47),"") | AB10: =iferror(IFS( LEN(AB11)>0,AB$54 ,AND(NOT(AB9=""),NOT(AB11="")),image("https://i.imgur.com/KBbzuFB.jpeg",2)) ,"") | AC10: =IF(LEN(AB10)>0,IMAGE(AB$47),"") | AD10: =iferror(IFS( LEN(AD11)>0,AD$54 ,AND(NOT(AD9=""),NOT(AD11="")),image("https://i.imgur.com/KBbzuFB.jpeg",2)) ,"") | AE10: =IF(LEN(AD10)>0,IMAGE(AD$47),"") | AF10: =iferror(IFS( LEN(AF11)>0,AF$54 ,AND(NOT(AF9=""),NOT(AF11="")),image("https://i.imgur.com/KBbzuFB.jpeg",2)) ,"") | AG10: =IF(LEN(AF10)>0,IMAGE(AF$47),"")
A11: 1 | B11: Group (Student - Student) | C11: =IMAGE("https://i.imgur.com/d0hkBzm.jpeg",2) -> #REF! | D11: =iferror(IFS( LEN(D$51)=0,"" ,D$51=$A11,D$52 ,LEN(F$51)=0,"" ,AND(F$51=$A11, D$51<$A11),image("https://i.imgur.com/xlMPbEe.jpeg",2) ,AND(F$51=$A11, D$51>$A11),image("https://i.imgur.com/feB6SdS.jpeg",2) ,AND(F$51>$A11, D$51<$A11),image("https://i.imgur.com/KBbzuFB.jpeg",2) ,AND(F$51<$A11, D$51>$A11),image("https://i.imgur.com/KBbzuFB.jpeg",2) ),"") | E11: =IF(LEN(D11)>0,D$46,"") | F11: =iferror(IFS( LEN(F$51)=0,"" ,F$51=$A11,F$52 ,LEN(H$51)=0,"" ,AND(H$51=$A11, F$51<$A11),image("https://i.imgur.com/xlMPbEe.jpeg",2) ,AND(H$51=$A11, F$51>$A11),image("https://i.imgur.com/feB6SdS.jpeg",2) ,AND(H$51>$A11, F$51<$A11),image("https://i.imgur.com/KBbzuFB.jpeg",2) ,AND(H$51<$A11, F$51>$A11),image("https://i.imgur.com/KBbzuFB.jpeg",2) ),"") | G11: =IF(LEN(F11)>0,F$46,"") | H11: =iferror(IFS( LEN(H$51)=0,"" ,H$51=$A11,H$52 ,LEN(J$51)=0,"" ,AND(J$51=$A11, H$51<$A11),image("https://i.imgur.com/xlMPbEe.jpeg",2) ,AND(J$51=$A11, H$51>$A11),image("https://i.imgur.com/feB6SdS.jpeg",2) ,AND(J$51>$A11, H$51<$A11),image("https://i.imgur.com/KBbzuFB.jpeg",2) ,AND(J$51<$A11, H$51>$A11),image("https://i.imgur.com/KBbzuFB.jpeg",2) ),"") | I11: =IF(LEN(H11)>0,H$46,"") | J11: =iferror(IFS( LEN(J$51)=0,"" ,J$51=$A11,J$52 ,LEN(L$51)=0,"" ,AND(L$51=$A11, J$51<$A11),image("https://i.imgur.com/xlMPbEe.jpeg",2) ,AND(L$51=$A11, J$51>$A11),image("https://i.imgur.com/feB6SdS.jpeg",2) ,AND(L$51>$A11, J$51<$A11),image("https://i.imgur.com/KBbzuFB.jpeg",2) ,AND(L$51<$A11, J$51>$A11),image("https://i.imgur.com/KBbzuFB.jpeg",2) ),"") | K11: =IF(LEN(J11)>0,J$46,"") | L11: =iferror(IFS( LEN(L$51)=0,"" ,L$51=$A11,L$52 ,LEN(N$51)=0,"" ,AND(N$51=$A11, L$51<$A11),image("https://i.imgur.com/xlMPbEe.jpeg",2) ,AND(N$51=$A11, L$51>$A11),image("https://i.imgur.com/feB6SdS.jpeg",2) ,AND(N$51>$A11, L$51<$A11),image("https://i.imgur.com/KBbzuFB.jpeg",2) ,AND(N$51<$A11, L$51>$A11),image("https://i.imgur.com/KBbzuFB.jpeg",2) ),"") | M11: =IF(LEN(L11)>0,L$46,"") | N11: =iferror(IFS( LEN(N$51)=0,"" ,N$51=$A11,N$52 ,LEN(P$51)=0,"" ,AND(P$51=$A11, N$51<$A11),image("https://i.imgur.com/xlMPbEe.jpeg",2) ,AND(P$51=$A11, N$51>$A11),image("https://i.imgur.com/feB6SdS.jpeg",2) ,AND(P$51>$A11, N$51<$A11),image("https://i.imgur.com/KBbzuFB.jpeg",2) ,AND(P$51<$A11, N$51>$A11),image("https://i.imgur.com/KBbzuFB.jpeg",2) ),"") | O11: =IF(LEN(N11)>0,N$46,"") | P11: =iferror(IFS( LEN(P$51)=0,"" ,P$51=$A11,P$52 ,LEN(R$51)=0,"" ,AND(R$51=$A11, P$51<$A11),image("https://i.imgur.com/xlMPbEe.jpeg",2) ,AND(R$51=$A11, P$51>$A11),image("https://i.imgur.com/feB6SdS.jpeg",2) ,AND(R$51>$A11, P$51<$A11),image("https://i.imgur.com/KBbzuFB.jpeg",2) ,AND(R$51<$A11, P$51>$A11),image("https://i.imgur.com/KBbzuFB.jpeg",2) ),"") | Q11: =IF(LEN(P11)>0,P$46,"") | R11: =iferror(IFS( LEN(R$51)=0,"" ,R$51=$A11,R$52 ,LEN(T$51)=0,"" ,AND(T$51=$A11, R$51<$A11),image("https://i.imgur.com/xlMPbEe.jpeg",2) ,AND(T$51=$A11, R$51>$A11),image("https://i.imgur.com/feB6SdS.jpeg",2) ,AND(T$51>$A11, R$51<$A11),image("https://i.imgur.com/KBbzuFB.jpeg",2) ,AND(T$51<$A11, R$51>$A11),image("https://i.imgur.com/KBbzuFB.jpeg",2) ),"") | S11: =IF(LEN(R11)>0,R$46,"") | T11: =iferror(IFS( LEN(T$51)=0,"" ,T$51=$A11,T$52 ,LEN(V$51)=0,"" ,AND(V$51=$A11, T$51<$A11),image("https://i.imgur.com/xlMPbEe.jpeg",2) ,AND(V$51=$A11, T$51>$A11),image("https://i.imgur.com/feB6SdS.jpeg",2) ,AND(V$51>$A11, T$51<$A11),image("https://i.imgur.com/KBbzuFB.jpeg",2) ,AND(V$51<$A11, T$51>$A11),image("https://i.imgur.com/KBbzuFB.jpeg",2) ),"") | U11: =IF(LEN(T11)>0,T$46,"") | V11: =iferror(IFS( LEN(V$51)=0,"" ,V$51=$A11,V$52 ,LEN(X$51)=0,"" ,AND(X$51=$A11, V$51<$A11),image("https://i.imgur.com/xlMPbEe.jpeg",2) ,AND(X$51=$A11, V$51>$A11),image("https://i.imgur.com/feB6SdS.jpeg",2) ,AND(X$51>$A11, V$51<$A11),image("https://i.imgur.com/KBbzuFB.jpeg",2) ,AND(X$51<$A11, V$51>$A11),image("https://i.imgur.com/KBbzuFB.jpeg",2) ),"") | W11: =IF(LEN(V11)>0,V$46,"") | X11: =iferror(IFS( LEN(X$51)=0,"" ,X$51=$A11,X$52 ,LEN(Z$51)=0,"" ,AND(Z$51=$A11, X$51<$A11),image("https://i.imgur.com/xlMPbEe.jpeg",2) ,AND(Z$51=$A11, X$51>$A11),image("https://i.imgur.com/feB6SdS.jpeg",2) ,AND(Z$51>$A11, X$51<$A11),image("https://i.imgur.com/KBbzuFB.jpeg",2) ,AND(Z$51<$A11, X$51>$A11),image("https://i.imgur.com/KBbzuFB.jpeg",2) ),"") | Y11: =IF(LEN(X11)>0,X$46,"") | Z11: =iferror(IFS( LEN(Z$51)=0,"" ,Z$51=$A11,Z$52 ,LEN(AB$51)=0,"" ,AND(AB$51=$A11, Z$51<$A11),image("https://i.imgur.com/xlMPbEe.jpeg",2) ,AND(AB$51=$A11, Z$51>$A11),image("https://i.imgur.com/feB6SdS.jpeg",2) ,AND(AB$51>$A11, Z$51<$A11),image("https://i.imgur.com/KBbzuFB.jpeg",2) ,AND(AB$51<$A11, Z$51>$A11),image("https://i.imgur.com/KBbzuFB.jpeg",2) ),"") | AA11: =IF(LEN(Z11)>0,Z$46,"") | AB11: =iferror(IFS( LEN(AB$51)=0,"" ,AB$51=$A11,AB$52 ,LEN(AD$51)=0,"" ,AND(AD$51=$A11, AB$51<$A11),image("https://i.imgur.com/xlMPbEe.jpeg",2) ,AND(AD$51=$A11, AB$51>$A11),image("https://i.imgur.com/feB6SdS.jpeg",2) ,AND(AD$51>$A11, AB$51<$A11),image("https://i.imgur.com/KBbzuFB.jpeg",2) ,AND(AD$51<$A11, AB$51>$A11),image("https://i.imgur.com/KBbzuFB.jpeg",2) ),"") | AC11: =IF(LEN(AB11)>0,AB$46,"") | AD11: =iferror(IFS( LEN(AD$51)=0,"" ,AD$51=$A11,AD$52 ,LEN(AF$51)=0,"" ,AND(AF$51=$A11, AD$51<$A11),image("https://i.imgur.com/xlMPbEe.jpeg",2) ,AND(AF$51=$A11, AD$51>$A11),image("https://i.imgur.com/feB6SdS.jpeg",2) ,AND(AF$51>$A11, AD$51<$A11),image("https://i.imgur.com/KBbzuFB.jpeg",2) ,AND(AF$51<$A11, AD$51>$A11),image("https://i.imgur.com/KBbzuFB.jpeg",2) ),"") | AE11: =IF(LEN(AD11)>0,AD$46,"") | AF11: =iferror(IFS( LEN(AF$51)=0,"" ,AF$51=$A11,AF$52 ,LEN(AH$51)=0,"" ,AND(AH$51=$A11, AF$51<$A11),image("https://i.imgur.com/xlMPbEe.jpeg",2) ,AND(AH$51=$A11, AF$51>$A11),image("https://i.imgur.com/feB6SdS.jpeg",2) ,AND(AH$51>$A11, AF$51<$A11),image("https://i.imgur.com/KBbzuFB.jpeg",2) ,AND(AH$51<$A11, AF$51>$A11),image("https://i.imgur.com/KBbzuFB.jpeg",2) ),"") | AG11: =IF(LEN(AF11)>0,AF$46,"")
C12: =IMAGE("https://i.imgur.com/d0hkBzm.jpeg",2) -> #REF! | D12: =iferror(IFS( LEN(D13)>0,D$54 ,AND(NOT(D11=""),NOT(D13="")),image("https://i.imgur.com/KBbzuFB.jpeg",2)) ,"") | E12: =IF(LEN(D12)>0,IMAGE(D$47),"") | F12: =iferror(IFS( LEN(F13)>0,F$54 ,AND(NOT(F11=""),NOT(F13="")),image("https://i.imgur.com/KBbzuFB.jpeg",2)) ,"") | G12: =IF(LEN(F12)>0,IMAGE(F$47),"") | H12: =iferror(IFS( LEN(H13)>0,H$54 ,AND(NOT(H11=""),NOT(H13="")),image("https://i.imgur.com/KBbzuFB.jpeg",2)) ,"") | I12: =IF(LEN(H12)>0,IMAGE(H$47),"") | J12: =iferror(IFS( LEN(J13)>0,J$54 ,AND(NOT(J11=""),NOT(J13="")),image("https://i.imgur.com/KBbzuFB.jpeg",2)) ,"") | K12: =IF(LEN(J12)>0,IMAGE(J$47),"") | L12: =iferror(IFS( LEN(L13)>0,L$54 ,AND(NOT(L11=""),NOT(L13="")),image("https://i.imgur.com/KBbzuFB.jpeg",2)) ,"") | M12: =IF(LEN(L12)>0,IMAGE(L$47),"") | N12: =iferror(IFS( LEN(N13)>0,N$54 ,AND(NOT(N11=""),NOT(N13="")),image("https://i.imgur.com/KBbzuFB.jpeg",2)) ,"") | O12: =IF(LEN(N12)>0,IMAGE(N$47),"") | P12: =iferror(IFS( LEN(P13)>0,P$54 ,AND(NOT(P11=""),NOT(P13="")),image("https://i.imgur.com/KBbzuFB.jpeg",2)) ,"") | Q12: =IF(LEN(P12)>0,IMAGE(P$47),"") | R12: =iferror(IFS( LEN(R13)>0,R$54 ,AND(NOT(R11=""),NOT(R13="")),image("https://i.imgur.com/KBbzuFB.jpeg",2)) ,"") | S12: =IF(LEN(R12)>0,IMAGE(R$47),"") | T12: =iferror(IFS( LEN(T13)>0,T$54 ,AND(NOT(T11=""),NOT(T13="")),image("https://i.imgur.com/KBbzuFB.jpeg",2)) ,"") | U12: =IF(LEN(T12)>0,IMAGE(T$47),"") | V12: =iferror(IFS( LEN(V13)>0,V$54 ,AND(NOT(V11=""),NOT(V13="")),image("https://i.imgur.com/KBbzuFB.jpeg",2)) ,"") | W12: =IF(LEN(V12)>0,IMAGE(V$47),"") | X12: =iferror(IFS( LEN(X13)>0,X$54 ,AND(NOT(X11=""),NOT(X13="")),image("https://i.imgur.com/KBbzuFB.jpeg",2)) ,"") | Y12: =IF(LEN(X12)>0,IMAGE(X$47),"") | Z12: =iferror(IFS( LEN(Z13)>0,Z$54 ,AND(NOT(Z11=""),NOT(Z13="")),image("https://i.imgur.com/KBbzuFB.jpeg",2)) ,"") | AA12: =IF(LEN(Z12)>0,IMAGE(Z$47),"") | AB12: =iferror(IFS( LEN(AB13)>0,AB$54 ,AND(NOT(AB11=""),NOT(AB13="")),image("https://i.imgur.com/KBbzuFB.jpeg",2)) ,"") | AC12: =IF(LEN(AB12)>0,IMAGE(AB$47),"") | AD12: =iferror(IFS( LEN(AD13)>0,AD$54 ,AND(NOT(AD11=""),NOT(AD13="")),image("https://i.imgur.com/KBbzuFB.jpeg",2)) ,"") | AE12: =IF(LEN(AD12)>0,IMAGE(AD$47),"") | AF12: =iferror(IFS( LEN(AF13)>0,AF$54 ,AND(NOT(AF11=""),NOT(AF13="")),image("https://i.imgur.com/KBbzuFB.jpeg",2)) ,"") | AG12: =IF(LEN(AF12)>0,IMAGE(AF$47),"")
A13: 0 | B13: Individual (Student - Content) | C13: =IMAGE("https://i.imgur.com/d0hkBzm.jpeg",2) -> #REF! | D13: =IFERROR(IFS( LEN(D$51)=0,"" ,D$51=$A13,D$52 ,LEN(F$51)=0,"" ,AND(F$51=$A13, D$51>$A13),image("https://i.imgur.com/feB6SdS.jpeg",2) ,AND(F$51>$A13, D$51>$A13), "" ),"") | E13: =IF(LEN(D13)>0,D$46,"") | F13: =IFERROR(IFS( LEN(F$51)=0,"" ,F$51=$A13,F$52 ,LEN(H$51)=0,"" ,AND(H$51=$A13, F$51>$A13),image("https://i.imgur.com/feB6SdS.jpeg",2) ,AND(H$51>$A13, F$51>$A13), "" ),"") | G13: =IF(LEN(F13)>0,F$46,"") | H13: =IFERROR(IFS( LEN(H$51)=0,"" ,H$51=$A13,H$52 ,LEN(J$51)=0,"" ,AND(J$51=$A13, H$51>$A13),image("https://i.imgur.com/feB6SdS.jpeg",2) ,AND(J$51>$A13, H$51>$A13), "" ),"") | I13: =IF(LEN(H13)>0,H$46,"") | J13: =IFERROR(IFS( LEN(J$51)=0,"" ,J$51=$A13,J$52 ,LEN(L$51)=0,"" ,AND(L$51=$A13, J$51>$A13),image("https://i.imgur.com/feB6SdS.jpeg",2) ,AND(L$51>$A13, J$51>$A13), "" ),"") | K13: =IF(LEN(J13)>0,J$46,"") | L13: =IFERROR(IFS( LEN(L$51)=0,"" ,L$51=$A13,L$52 ,LEN(N$51)=0,"" ,AND(N$51=$A13, L$51>$A13),image("https://i.imgur.com/feB6SdS.jpeg",2) ,AND(N$51>$A13, L$51>$A13), "" ),"") | M13: =IF(LEN(L13)>0,L$46,"") | N13: =IFERROR(IFS( LEN(N$51)=0,"" ,N$51=$A13,N$52 ,LEN(P$51)=0,"" ,AND(P$51=$A13, N$51>$A13),image("https://i.imgur.com/feB6SdS.jpeg",2) ,AND(P$51>$A13, N$51>$A13), "" ),"") | O13: =IF(LEN(N13)>0,N$46,"") | P13: =IFERROR(IFS( LEN(P$51)=0,"" ,P$51=$A13,P$52 ,LEN(R$51)=0,"" ,AND(R$51=$A13, P$51>$A13),image("https://i.imgur.com/feB6SdS.jpeg",2) ,AND(R$51>$A13, P$51>$A13), "" ),"") | Q13: =IF(LEN(P13)>0,P$46,"") | R13: =IFERROR(IFS( LEN(R$51)=0,"" ,R$51=$A13,R$52 ,LEN(T$51)=0,"" ,AND(T$51=$A13, R$51>$A13),image("https://i.imgur.com/feB6SdS.jpeg",2) ,AND(T$51>$A13, R$51>$A13), "" ),"") | S13: =IF(LEN(R13)>0,R$46,"") | T13: =IFERROR(IFS( LEN(T$51)=0,"" ,T$51=$A13,T$52 ,LEN(V$51)=0,"" ,AND(V$51=$A13, T$51>$A13),image("https://i.imgur.com/feB6SdS.jpeg",2) ,AND(V$51>$A13, T$51>$A13), "" ),"") | U13: =IF(LEN(T13)>0,T$46,"") | V13: =IFERROR(IFS( LEN(V$51)=0,"" ,V$51=$A13,V$52 ,LEN(X$51)=0,"" ,AND(X$51=$A13, V$51>$A13),image("https://i.imgur.com/feB6SdS.jpeg",2) ,AND(X$51>$A13, V$51>$A13), "" ),"") | W13: =IF(LEN(V13)>0,V$46,"") | X13: =IFERROR(IFS( LEN(X$51)=0,"" ,X$51=$A13,X$52 ,LEN(Z$51)=0,"" ,AND(Z$51=$A13, X$51>$A13),image("https://i.imgur.com/feB6SdS.jpeg",2) ,AND(Z$51>$A13, X$51>$A13), "" ),"") | Y13: =IF(LEN(X13)>0,X$46,"") | Z13: =IFERROR(IFS( LEN(Z$51)=0,"" ,Z$51=$A13,Z$52 ,LEN(AB$51)=0,"" ,AND(AB$51=$A13, Z$51>$A13),image("https://i.imgur.com/feB6SdS.jpeg",2) ,AND(AB$51>$A13, Z$51>$A13), "" ),"") | AA13: =IF(LEN(Z13)>0,Z$46,"") | AB13: =IFERROR(IFS( LEN(AB$51)=0,"" ,AB$51=$A13,AB$52 ,LEN(AD$51)=0,"" ,AND(AD$51=$A13, AB$51>$A13),image("https://i.imgur.com/feB6SdS.jpeg",2) ,AND(AD$51>$A13, AB$51>$A13), "" ),"") | AC13: =IF(LEN(AB13)>0,AB$46,"") | AD13: =IFERROR(IFS( LEN(AD$51)=0,"" ,AD$51=$A13,AD$52 ,LEN(AF$51)=0,"" ,AND(AF$51=$A13, AD$51>$A13),image("https://i.imgur.com/feB6SdS.jpeg",2) ,AND(AF$51>$A13, AD$51>$A13), "" ),"") | AE13: =IF(LEN(AD13)>0,AD$46,"") | AF13: =IFERROR(IFS( LEN(AF$51)=0,"" ,AF$51=$A13,AF$52 ,LEN(AH$51)=0,"" ,AND(AH$51=$A13, AF$51>$A13),image("https://i.imgur.com/feB6SdS.jpeg",2) ,AND(AH$51>$A13, AF$51>$A13), "" ),"") | AG13: =IF(LEN(AF13)>0,AF$46,"")
C14: =IMAGE("https://i.imgur.com/d0hkBzm.jpeg",2) -> #REF!
C15: =IMAGE("https://i.imgur.com/UrLCIlt.jpeg",2) -> #REF! | D15: =ifs( len(D$48)=0,"" ,len(F$48)>0,IMAGE("https://i.imgur.com/Ktzloz2.jpeg",2) ,len(F$48)=0,IMAGE("https://i.imgur.com/SFEJI4a.jpeg",2)) | F15: =ifs( len(F$48)=0,"" ,len(H$48)>0,IMAGE("https://i.imgur.com/Ktzloz2.jpeg",2) ,len(H$48)=0,IMAGE("https://i.imgur.com/SFEJI4a.jpeg",2)) | H15: =ifs( len(H$48)=0,"" ,len(J$48)>0,IMAGE("https://i.imgur.com/Ktzloz2.jpeg",2) ,len(J$48)=0,IMAGE("https://i.imgur.com/SFEJI4a.jpeg",2)) | J15: =ifs( len(J$48)=0,"" ,len(L$48)>0,IMAGE("https://i.imgur.com/Ktzloz2.jpeg",2) ,len(L$48)=0,IMAGE("https://i.imgur.com/SFEJI4a.jpeg",2)) | L15: =ifs( len(L$48)=0,"" ,len(N$48)>0,IMAGE("https://i.imgur.com/Ktzloz2.jpeg",2) ,len(N$48)=0,IMAGE("https://i.imgur.com/SFEJI4a.jpeg",2)) | N15: =ifs( len(N$48)=0,"" ,len(P$48)>0,IMAGE("https://i.imgur.com/Ktzloz2.jpeg",2) ,len(P$48)=0,IMAGE("https://i.imgur.com/SFEJI4a.jpeg",2)) | P15: =ifs( len(P$48)=0,"" ,len(R$48)>0,IMAGE("https://i.imgur.com/Ktzloz2.jpeg",2) ,len(R$48)=0,IMAGE("https://i.imgur.com/SFEJI4a.jpeg",2)) | R15: =ifs( len(R$48)=0,"" ,len(T$48)>0,IMAGE("https://i.imgur.com/Ktzloz2.jpeg",2) ,len(T$48)=0,IMAGE("https://i.imgur.com/SFEJI4a.jpeg",2)) | T15: =ifs( len(T$48)=0,"" ,len(V$48)>0,IMAGE("https://i.imgur.com/Ktzloz2.jpeg",2) ,len(V$48)=0,IMAGE("https://i.imgur.com/SFEJI4a.jpeg",2)) | V15: =ifs( len(V$48)=0,"" ,len(X$48)>0,IMAGE("https://i.imgur.com/Ktzloz2.jpeg",2) ,len(X$48)=0,IMAGE("https://i.imgur.com/SFEJI4a.jpeg",2)) | X15: =ifs( len(X$48)=0,"" ,len(Z$48)>0,IMAGE("https://i.imgur.com/Ktzloz2.jpeg",2) ,len(Z$48)=0,IMAGE("https://i.imgur.com/SFEJI4a.jpeg",2)) | Z15: =ifs( len(Z$48)=0,"" ,len(AB$48)>0,IMAGE("https://i.imgur.com/Ktzloz2.jpeg",2) ,len(AB$48)=0,IMAGE("https://i.imgur.com/SFEJI4a.jpeg",2)) | AB15: =ifs( len(AB$48)=0,"" ,len(AD$48)>0,IMAGE("https://i.imgur.com/Ktzloz2.jpeg",2) ,len(AD$48)=0,IMAGE("https://i.imgur.com/SFEJI4a.jpeg",2)) | AD15: =ifs( len(AD$48)=0,"" ,len(AF$48)>0,IMAGE("https://i.imgur.com/Ktzloz2.jpeg",2) ,len(AF$48)=0,IMAGE("https://i.imgur.com/SFEJI4a.jpeg",2)) | AF15: =ifs( len(AF$48)=0,"" ,len(AH$48)>0,IMAGE("https://i.imgur.com/Ktzloz2.jpeg",2) ,len(AH$48)=0,IMAGE("https://i.imgur.com/SFEJI4a.jpeg",2))
D16: =ifs( len(D$48)=0,"" ,len(F$48)>0,"" ,len(F$48)=0,"Time") | E16: =ifs( len(E$48)=0,"" ,len(G$48)>0,"" ,len(G$48)=0,"Time") | F16: =ifs( len(F$48)=0,"" ,len(H$48)>0,"" ,len(H$48)=0,"Time") | G16: =ifs( len(G$48)=0,"" ,len(I$48)>0,"" ,len(I$48)=0,"Time") | H16: =ifs( len(H$48)=0,"" ,len(J$48)>0,"" ,len(J$48)=0,"Time") | I16: =ifs( len(I$48)=0,"" ,len(K$48)>0,"" ,len(K$48)=0,"Time") | J16: =ifs( len(J$48)=0,"" ,len(L$48)>0,"" ,len(L$48)=0,"Time") | K16: =ifs( len(K$48)=0,"" ,len(M$48)>0,"" ,len(M$48)=0,"Time") | ... AG16: =ifs( len(AG$48)=0,"" ,len(AI$48)>0,"" ,len(AI$48)=0,"Time")
C18: Legend | G18: Mins, % total | I18: Level of Technology Integration: | L18: =INPUT!C45 -> Optional
D19: Activate Learning | G19: =sumifs($53:$53,$48:$48,$D19)&" mins, "&text(sumifs($53:$53,$48:$48,$D19)/G$23,"0%") -> 0 mins, 0%
D20: Promote thinking and discussion | G20: =sumifs($53:$53,$48:$48,$D20)&" mins, "&text(sumifs($53:$53,$48:$48,$D20)/G$23,"0%") -> 0 mins, 0%
D21: Facilitate Demonstration of Learning | G21: =sumifs($53:$53,$48:$48,$D21)&" mins, "&text(sumifs($53:$53,$48:$48,$D21)/G$23,"0%") -> 0 mins, 0% | I21: Refer to the Replacement-Amplification-Transformation (RAT) Model to find out more about the level of Technology Integration.
D22: Monitor and Provide Feedback | G22: =sumifs($53:$53,$48:$48,$D22)&" mins, "&text(sumifs($53:$53,$48:$48,$D22)/G$23,"0%") -> 0 mins, 0% | I22: The Quick Guide to EdTech PS gives teachers an overview of how to start applying the considerations in EdTech PS. | R22: `
G23: =sum($53:$53) -> 25 | I23: The online Guide to e-Pedagogy (via iCON account) provides details and examples for interested teachers and guides them in lesson design (via the ‘Design Now’ segment).
G24: mins
B44: DO NOT EDIT - HELPER CELLS
B45: # | D45: 1 | E45: . | F45: =D45+1 -> 2 | G45: . | H45: =F45+1 -> 3 | I45: . | J45: =H45+1 -> 4 | K45: . | L45: =J45+1 -> 5 | M45: . | N45: =L45+1 -> 6 | O45: . | P45: =N45+1 -> 7 | Q45: . | R45: =P45+1 -> 8 | S45: . | T45: =R45+1 -> 9 | U45: . | V45: =T45+1 -> 10 | W45: . | X45: =V45+1 -> 11 | Y45: . | Z45: =X45+1 -> 12 | AA45: . | AB45: =Z45+1 -> 13 | AC45: . | AD45: =AB45+1 -> 14 | AE45: . | AF45: =AD45+1 -> 15 | AG45: .
B46: =INPUT!H27 -> [Optional] Key Applications of Technology | D46: {=iferror(index(INPUT!$A$27:$H$43,match(D$45,INPUT!$A$27:$A$43,0),match($B46,INPUT!$A$27:$H$27,0)),"")} -> Facilitate Learning Together | F46: {=iferror(index(INPUT!$A$27:$H$43,match(F$45,INPUT!$A$27:$A$43,0),match($B46,INPUT!$A$27:$H$27,0)),"")} | H46: {=iferror(index(INPUT!$A$27:$H$43,match(H$45,INPUT!$A$27:$A$43,0),match($B46,INPUT!$A$27:$H$27,0)),"")} | J46: {=iferror(index(INPUT!$A$27:$H$43,match(J$45,INPUT!$A$27:$A$43,0),match($B46,INPUT!$A$27:$H$27,0)),"")} | L46: {=iferror(index(INPUT!$A$27:$H$43,match(L$45,INPUT!$A$27:$A$43,0),match($B46,INPUT!$A$27:$H$27,0)),"")} | N46: {=iferror(index(INPUT!$A$27:$H$43,match(N$45,INPUT!$A$27:$A$43,0),match($B46,INPUT!$A$27:$H$27,0)),"")} | P46: {=iferror(index(INPUT!$A$27:$H$43,match(P$45,INPUT!$A$27:$A$43,0),match($B46,INPUT!$A$27:$H$27,0)),"")} | R46: {=iferror(index(INPUT!$A$27:$H$43,match(R$45,INPUT!$A$27:$A$43,0),match($B46,INPUT!$A$27:$H$27,0)),"")} | T46: {=iferror(index(INPUT!$A$27:$H$43,match(T$45,INPUT!$A$27:$A$43,0),match($B46,INPUT!$A$27:$H$27,0)),"")} | V46: {=iferror(index(INPUT!$A$27:$H$43,match(V$45,INPUT!$A$27:$A$43,0),match($B46,INPUT!$A$27:$H$27,0)),"")} | X46: {=iferror(index(INPUT!$A$27:$H$43,match(X$45,INPUT!$A$27:$A$43,0),match($B46,INPUT!$A$27:$H$27,0)),"")} | Z46: {=iferror(index(INPUT!$A$27:$H$43,match(Z$45,INPUT!$A$27:$A$43,0),match($B46,INPUT!$A$27:$H$27,0)),"")} | AB46: {=iferror(index(INPUT!$A$27:$H$43,match(AB$45,INPUT!$A$27:$A$43,0),match($B46,INPUT!$A$27:$H$27,0)),"")} | AD46: {=iferror(index(INPUT!$A$27:$H$43,match(AD$45,INPUT!$A$27:$A$43,0),match($B46,INPUT!$A$27:$H$27,0)),"")} | AF46: {=iferror(index(INPUT!$A$27:$H$43,match(AF$45,INPUT!$A$27:$A$43,0),match($B46,INPUT!$A$27:$H$27,0)),"")}
B47: KAT image | D47: {=iferror(index(LEGEND!$C:$C,match(D$46,LEGEND!$B:$B,0),1),"")} -> https://imgur.com/I6filTP.png | F47: {=iferror(index(LEGEND!$C:$C,match(F$46,LEGEND!$B:$B,0),1),"")} | H47: {=iferror(index(LEGEND!$C:$C,match(H$46,LEGEND!$B:$B,0),1),"")} | J47: {=iferror(index(LEGEND!$C:$C,match(J$46,LEGEND!$B:$B,0),1),"")} | L47: {=iferror(index(LEGEND!$C:$C,match(L$46,LEGEND!$B:$B,0),1),"")} | N47: {=iferror(index(LEGEND!$C:$C,match(N$46,LEGEND!$B:$B,0),1),"")} | P47: {=iferror(index(LEGEND!$C:$C,match(P$46,LEGEND!$B:$B,0),1),"")} | R47: {=iferror(index(LEGEND!$C:$C,match(R$46,LEGEND!$B:$B,0),1),"")} | T47: {=iferror(index(LEGEND!$C:$C,match(T$46,LEGEND!$B:$B,0),1),"")} | V47: {=iferror(index(LEGEND!$C:$C,match(V$46,LEGEND!$B:$B,0),1),"")} | X47: {=iferror(index(LEGEND!$C:$C,match(X$46,LEGEND!$B:$B,0),1),"")} | Z47: {=iferror(index(LEGEND!$C:$C,match(Z$46,LEGEND!$B:$B,0),1),"")} | AB47: {=iferror(index(LEGEND!$C:$C,match(AB$46,LEGEND!$B:$B,0),1),"")} | AD47: {=iferror(index(LEGEND!$C:$C,match(AD$46,LEGEND!$B:$B,0),1),"")} | AF47: {=iferror(index(LEGEND!$C:$C,match(AF$46,LEGEND!$B:$B,0),1),"")}
B48: Active Learning Process | D48: {=iferror(index(INPUT!$A$27:$H$43,match(D$45,INPUT!$A$27:$A$43,0),match($B48,INPUT!$A$27:$H$27,0)),"")} | F48: {=iferror(index(INPUT!$A$27:$H$43,match(F$45,INPUT!$A$27:$A$43,0),match($B48,INPUT!$A$27:$H$27,0)),"")} | H48: {=iferror(index(INPUT!$A$27:$H$43,match(H$45,INPUT!$A$27:$A$43,0),match($B48,INPUT!$A$27:$H$27,0)),"")} | J48: {=iferror(index(INPUT!$A$27:$H$43,match(J$45,INPUT!$A$27:$A$43,0),match($B48,INPUT!$A$27:$H$27,0)),"")} | L48: {=iferror(index(INPUT!$A$27:$H$43,match(L$45,INPUT!$A$27:$A$43,0),match($B48,INPUT!$A$27:$H$27,0)),"")} | N48: {=iferror(index(INPUT!$A$27:$H$43,match(N$45,INPUT!$A$27:$A$43,0),match($B48,INPUT!$A$27:$H$27,0)),"")} | P48: {=iferror(index(INPUT!$A$27:$H$43,match(P$45,INPUT!$A$27:$A$43,0),match($B48,INPUT!$A$27:$H$27,0)),"")} | R48: {=iferror(index(INPUT!$A$27:$H$43,match(R$45,INPUT!$A$27:$A$43,0),match($B48,INPUT!$A$27:$H$27,0)),"")} | T48: {=iferror(index(INPUT!$A$27:$H$43,match(T$45,INPUT!$A$27:$A$43,0),match($B48,INPUT!$A$27:$H$27,0)),"")} | V48: {=iferror(index(INPUT!$A$27:$H$43,match(V$45,INPUT!$A$27:$A$43,0),match($B48,INPUT!$A$27:$H$27,0)),"")} | X48: {=iferror(index(INPUT!$A$27:$H$43,match(X$45,INPUT!$A$27:$A$43,0),match($B48,INPUT!$A$27:$H$27,0)),"")} | Z48: {=iferror(index(INPUT!$A$27:$H$43,match(Z$45,INPUT!$A$27:$A$43,0),match($B48,INPUT!$A$27:$H$27,0)),"")} | AB48: {=iferror(index(INPUT!$A$27:$H$43,match(AB$45,INPUT!$A$27:$A$43,0),match($B48,INPUT!$A$27:$H$27,0)),"")} | AD48: {=iferror(index(INPUT!$A$27:$H$43,match(AD$45,INPUT!$A$27:$A$43,0),match($B48,INPUT!$A$27:$H$27,0)),"")} | AF48: {=iferror(index(INPUT!$A$27:$H$43,match(AF$45,INPUT!$A$27:$A$43,0),match($B48,INPUT!$A$27:$H$27,0)),"")}
B49: AL colour | D49: {=iferror(index(LEGEND!$G$1:$G$8,match(D$48,LEGEND!$E$1:$E$8,0),1),"")} | F49: {=iferror(index(LEGEND!$G$1:$G$8,match(F$48,LEGEND!$E$1:$E$8,0),1),"")} | H49: {=iferror(index(LEGEND!$G$1:$G$8,match(H$48,LEGEND!$E$1:$E$8,0),1),"")} | J49: {=iferror(index(LEGEND!$G$1:$G$8,match(J$48,LEGEND!$E$1:$E$8,0),1),"")} | L49: {=iferror(index(LEGEND!$G$1:$G$8,match(L$48,LEGEND!$E$1:$E$8,0),1),"")} | N49: {=iferror(index(LEGEND!$G$1:$G$8,match(N$48,LEGEND!$E$1:$E$8,0),1),"")} | P49: {=iferror(index(LEGEND!$G$1:$G$8,match(P$48,LEGEND!$E$1:$E$8,0),1),"")} | R49: {=iferror(index(LEGEND!$G$1:$G$8,match(R$48,LEGEND!$E$1:$E$8,0),1),"")} | T49: {=iferror(index(LEGEND!$G$1:$G$8,match(T$48,LEGEND!$E$1:$E$8,0),1),"")} | V49: {=iferror(index(LEGEND!$G$1:$G$8,match(V$48,LEGEND!$E$1:$E$8,0),1),"")} | X49: {=iferror(index(LEGEND!$G$1:$G$8,match(X$48,LEGEND!$E$1:$E$8,0),1),"")} | Z49: {=iferror(index(LEGEND!$G$1:$G$8,match(Z$48,LEGEND!$E$1:$E$8,0),1),"")} | AB49: {=iferror(index(LEGEND!$G$1:$G$8,match(AB$48,LEGEND!$E$1:$E$8,0),1),"")} | AD49: {=iferror(index(LEGEND!$G$1:$G$8,match(AD$48,LEGEND!$E$1:$E$8,0),1),"")} | AF49: {=iferror(index(LEGEND!$G$1:$G$8,match(AF$48,LEGEND!$E$1:$E$8,0),1),"")}
B50: Interaction | D50: {=iferror(index(INPUT!$A$27:$H$43,match(D$45,INPUT!$A$27:$A$43,0),match($B50,INPUT!$A$27:$H$27,0)),"")} -> Teacher - Student | F50: {=iferror(index(INPUT!$A$27:$H$43,match(F$45,INPUT!$A$27:$A$43,0),match($B50,INPUT!$A$27:$H$27,0)),"")} | H50: {=iferror(index(INPUT!$A$27:$H$43,match(H$45,INPUT!$A$27:$A$43,0),match($B50,INPUT!$A$27:$H$27,0)),"")} | J50: {=iferror(index(INPUT!$A$27:$H$43,match(J$45,INPUT!$A$27:$A$43,0),match($B50,INPUT!$A$27:$H$27,0)),"")} | L50: {=iferror(index(INPUT!$A$27:$H$43,match(L$45,INPUT!$A$27:$A$43,0),match($B50,INPUT!$A$27:$H$27,0)),"")} | N50: {=iferror(index(INPUT!$A$27:$H$43,match(N$45,INPUT!$A$27:$A$43,0),match($B50,INPUT!$A$27:$H$27,0)),"")} | P50: {=iferror(index(INPUT!$A$27:$H$43,match(P$45,INPUT!$A$27:$A$43,0),match($B50,INPUT!$A$27:$H$27,0)),"")} | R50: {=iferror(index(INPUT!$A$27:$H$43,match(R$45,INPUT!$A$27:$A$43,0),match($B50,INPUT!$A$27:$H$27,0)),"")} | T50: {=iferror(index(INPUT!$A$27:$H$43,match(T$45,INPUT!$A$27:$A$43,0),match($B50,INPUT!$A$27:$H$27,0)),"")} | V50: {=iferror(index(INPUT!$A$27:$H$43,match(V$45,INPUT!$A$27:$A$43,0),match($B50,INPUT!$A$27:$H$27,0)),"")} | X50: {=iferror(index(INPUT!$A$27:$H$43,match(X$45,INPUT!$A$27:$A$43,0),match($B50,INPUT!$A$27:$H$27,0)),"")} | Z50: {=iferror(index(INPUT!$A$27:$H$43,match(Z$45,INPUT!$A$27:$A$43,0),match($B50,INPUT!$A$27:$H$27,0)),"")} | AB50: {=iferror(index(INPUT!$A$27:$H$43,match(AB$45,INPUT!$A$27:$A$43,0),match($B50,INPUT!$A$27:$H$27,0)),"")} | AD50: {=iferror(index(INPUT!$A$27:$H$43,match(AD$45,INPUT!$A$27:$A$43,0),match($B50,INPUT!$A$27:$H$27,0)),"")} | AF50: {=iferror(index(INPUT!$A$27:$H$43,match(AF$45,INPUT!$A$27:$A$43,0),match($B50,INPUT!$A$27:$H$27,0)),"")}
B51: Social y-axis | D51: {=iferror(index(LEGEND!$K:$K,match(D$50,LEGEND!$I:$I,0),1),"")} -> 2 | F51: {=iferror(index(LEGEND!$K:$K,match(F$50,LEGEND!$I:$I,0),1),"")} | H51: {=iferror(index(LEGEND!$K:$K,match(H$50,LEGEND!$I:$I,0),1),"")} | J51: {=iferror(index(LEGEND!$K:$K,match(J$50,LEGEND!$I:$I,0),1),"")} | L51: {=iferror(index(LEGEND!$K:$K,match(L$50,LEGEND!$I:$I,0),1),"")} | N51: {=iferror(index(LEGEND!$K:$K,match(N$50,LEGEND!$I:$I,0),1),"")} | P51: {=iferror(index(LEGEND!$K:$K,match(P$50,LEGEND!$I:$I,0),1),"")} | R51: {=iferror(index(LEGEND!$K:$K,match(R$50,LEGEND!$I:$I,0),1),"")} | T51: {=iferror(index(LEGEND!$K:$K,match(T$50,LEGEND!$I:$I,0),1),"")} | V51: {=iferror(index(LEGEND!$K:$K,match(V$50,LEGEND!$I:$I,0),1),"")} | X51: {=iferror(index(LEGEND!$K:$K,match(X$50,LEGEND!$I:$I,0),1),"")} | Z51: {=iferror(index(LEGEND!$K:$K,match(Z$50,LEGEND!$I:$I,0),1),"")} | AB51: {=iferror(index(LEGEND!$K:$K,match(AB$50,LEGEND!$I:$I,0),1),"")} | AD51: {=iferror(index(LEGEND!$K:$K,match(AD$50,LEGEND!$I:$I,0),1),"")} | AF51: {=iferror(index(LEGEND!$K:$K,match(AF$50,LEGEND!$I:$I,0),1),"")}
B52: Activity Details | D52: {=iferror(index(INPUT!$A$27:$H$43,match(D$45,INPUT!$A$27:$A$43,0),match($B52,INPUT!$A$27:$H$27,0)),"")} -> Activity ## Details [Tech tool] | F52: {=iferror(index(INPUT!$A$27:$H$43,match(F$45,INPUT!$A$27:$A$43,0),match($B52,INPUT!$A$27:$H$27,0)),"")} -> Activity ## Details [Tech tool] | H52: {=iferror(index(INPUT!$A$27:$H$43,match(H$45,INPUT!$A$27:$A$43,0),match($B52,INPUT!$A$27:$H$27,0)),"")} -> Activity ## Details [Tech tool] | J52: {=iferror(index(INPUT!$A$27:$H$43,match(J$45,INPUT!$A$27:$A$43,0),match($B52,INPUT!$A$27:$H$27,0)),"")} -> Activity ## Details [Tech tool] | L52: {=iferror(index(INPUT!$A$27:$H$43,match(L$45,INPUT!$A$27:$A$43,0),match($B52,INPUT!$A$27:$H$27,0)),"")} -> Activity ## Details [Tech tool] | N52: {=iferror(index(INPUT!$A$27:$H$43,match(N$45,INPUT!$A$27:$A$43,0),match($B52,INPUT!$A$27:$H$27,0)),"")} -> Activity ## Details [Tech tool] | P52: {=iferror(index(INPUT!$A$27:$H$43,match(P$45,INPUT!$A$27:$A$43,0),match($B52,INPUT!$A$27:$H$27,0)),"")} -> Activity ## Details [Tech tool] | R52: {=iferror(index(INPUT!$A$27:$H$43,match(R$45,INPUT!$A$27:$A$43,0),match($B52,INPUT!$A$27:$H$27,0)),"")} -> Activity ## Details [Tech tool] | T52: {=iferror(index(INPUT!$A$27:$H$43,match(T$45,INPUT!$A$27:$A$43,0),match($B52,INPUT!$A$27:$H$27,0)),"")} -> Activity ## Details [Tech tool] | V52: {=iferror(index(INPUT!$A$27:$H$43,match(V$45,INPUT!$A$27:$A$43,0),match($B52,INPUT!$A$27:$H$27,0)),"")} -> Activity ## Details [Tech tool] | X52: {=iferror(index(INPUT!$A$27:$H$43,match(X$45,INPUT!$A$27:$A$43,0),match($B52,INPUT!$A$27:$H$27,0)),"")} -> Activity ## Details [Tech tool] | Z52: {=iferror(index(INPUT!$A$27:$H$43,match(Z$45,INPUT!$A$27:$A$43,0),match($B52,INPUT!$A$27:$H$27,0)),"")} -> Activity ## Details [Tech tool] | AB52: {=iferror(index(INPUT!$A$27:$H$43,match(AB$45,INPUT!$A$27:$A$43,0),match($B52,INPUT!$A$27:$H$27,0)),"")} -> Activity ## Details [Tech tool] | AD52: {=iferror(index(INPUT!$A$27:$H$43,match(AD$45,INPUT!$A$27:$A$43,0),match($B52,INPUT!$A$27:$H$27,0)),"")} -> Activity ## Details [Tech tool] | AF52: {=iferror(index(INPUT!$A$27:$H$43,match(AF$45,INPUT!$A$27:$A$43,0),match($B52,INPUT!$A$27:$H$27,0)),"")} -> Activity ## Details [Tech tool]
B53: =INPUT!E27 -> [Optional] Time (mins) | D53: {=iferror(index(INPUT!$A$27:$H$43,match(D$45,INPUT!$A$27:$A$43,0),match($B53,INPUT!$A$27:$H$27,0)),"")} -> 25 | F53: {=iferror(index(INPUT!$A$27:$H$43,match(F$45,INPUT!$A$27:$A$43,0),match($B53,INPUT!$A$27:$H$27,0)),"")} | H53: {=iferror(index(INPUT!$A$27:$H$43,match(H$45,INPUT!$A$27:$A$43,0),match($B53,INPUT!$A$27:$H$27,0)),"")} | J53: {=iferror(index(INPUT!$A$27:$H$43,match(J$45,INPUT!$A$27:$A$43,0),match($B53,INPUT!$A$27:$H$27,0)),"")} | L53: {=iferror(index(INPUT!$A$27:$H$43,match(L$45,INPUT!$A$27:$A$43,0),match($B53,INPUT!$A$27:$H$27,0)),"")} | N53: {=iferror(index(INPUT!$A$27:$H$43,match(N$45,INPUT!$A$27:$A$43,0),match($B53,INPUT!$A$27:$H$27,0)),"")} | P53: {=iferror(index(INPUT!$A$27:$H$43,match(P$45,INPUT!$A$27:$A$43,0),match($B53,INPUT!$A$27:$H$27,0)),"")} | R53: {=iferror(index(INPUT!$A$27:$H$43,match(R$45,INPUT!$A$27:$A$43,0),match($B53,INPUT!$A$27:$H$27,0)),"")} | T53: {=iferror(index(INPUT!$A$27:$H$43,match(T$45,INPUT!$A$27:$A$43,0),match($B53,INPUT!$A$27:$H$27,0)),"")} | V53: {=iferror(index(INPUT!$A$27:$H$43,match(V$45,INPUT!$A$27:$A$43,0),match($B53,INPUT!$A$27:$H$27,0)),"")} | X53: {=iferror(index(INPUT!$A$27:$H$43,match(X$45,INPUT!$A$27:$A$43,0),match($B53,INPUT!$A$27:$H$27,0)),"")} | Z53: {=iferror(index(INPUT!$A$27:$H$43,match(Z$45,INPUT!$A$27:$A$43,0),match($B53,INPUT!$A$27:$H$27,0)),"")} | AB53: {=iferror(index(INPUT!$A$27:$H$43,match(AB$45,INPUT!$A$27:$A$43,0),match($B53,INPUT!$A$27:$H$27,0)),"")} | AD53: {=iferror(index(INPUT!$A$27:$H$43,match(AD$45,INPUT!$A$27:$A$43,0),match($B53,INPUT!$A$27:$H$27,0)),"")} | AF53: {=iferror(index(INPUT!$A$27:$H$43,match(AF$45,INPUT!$A$27:$A$43,0),match($B53,INPUT!$A$27:$H$27,0)),"")}
B54: =INPUT!F27 -> [Optional] Virtual / Physical | D54: {=iferror(index(INPUT!$A$27:$H$43,match(D$45,INPUT!$A$27:$A$43,0),match($B54,INPUT!$A$27:$H$27,0)),"")} | F54: {=iferror(index(INPUT!$A$27:$H$43,match(F$45,INPUT!$A$27:$A$43,0),match($B54,INPUT!$A$27:$H$27,0)),"")} | H54: {=iferror(index(INPUT!$A$27:$H$43,match(H$45,INPUT!$A$27:$A$43,0),match($B54,INPUT!$A$27:$H$27,0)),"")} | J54: {=iferror(index(INPUT!$A$27:$H$43,match(J$45,INPUT!$A$27:$A$43,0),match($B54,INPUT!$A$27:$H$27,0)),"")} | L54: {=iferror(index(INPUT!$A$27:$H$43,match(L$45,INPUT!$A$27:$A$43,0),match($B54,INPUT!$A$27:$H$27,0)),"")} | N54: {=iferror(index(INPUT!$A$27:$H$43,match(N$45,INPUT!$A$27:$A$43,0),match($B54,INPUT!$A$27:$H$27,0)),"")} | P54: {=iferror(index(INPUT!$A$27:$H$43,match(P$45,INPUT!$A$27:$A$43,0),match($B54,INPUT!$A$27:$H$27,0)),"")} | R54: {=iferror(index(INPUT!$A$27:$H$43,match(R$45,INPUT!$A$27:$A$43,0),match($B54,INPUT!$A$27:$H$27,0)),"")} | T54: {=iferror(index(INPUT!$A$27:$H$43,match(T$45,INPUT!$A$27:$A$43,0),match($B54,INPUT!$A$27:$H$27,0)),"")} | V54: {=iferror(index(INPUT!$A$27:$H$43,match(V$45,INPUT!$A$27:$A$43,0),match($B54,INPUT!$A$27:$H$27,0)),"")} | X54: {=iferror(index(INPUT!$A$27:$H$43,match(X$45,INPUT!$A$27:$A$43,0),match($B54,INPUT!$A$27:$H$27,0)),"")} | Z54: {=iferror(index(INPUT!$A$27:$H$43,match(Z$45,INPUT!$A$27:$A$43,0),match($B54,INPUT!$A$27:$H$27,0)),"")} | AB54: {=iferror(index(INPUT!$A$27:$H$43,match(AB$45,INPUT!$A$27:$A$43,0),match($B54,INPUT!$A$27:$H$27,0)),"")} | AD54: {=iferror(index(INPUT!$A$27:$H$43,match(AD$45,INPUT!$A$27:$A$43,0),match($B54,INPUT!$A$27:$H$27,0)),"")} | AF54: {=iferror(index(INPUT!$A$27:$H$43,match(AF$45,INPUT!$A$27:$A$43,0),match($B54,INPUT!$A$27:$H$27,0)),"")}
B55: =INPUT!G27 -> [Optional] Synchronous / Asynchronous | D55: {=iferror(index(INPUT!$A$27:$H$43,match(D$45,INPUT!$A$27:$A$43,0),match($B55,INPUT!$A$27:$H$27,0)),"")} | F55: {=iferror(index(INPUT!$A$27:$H$43,match(F$45,INPUT!$A$27:$A$43,0),match($B55,INPUT!$A$27:$H$27,0)),"")} | H55: {=iferror(index(INPUT!$A$27:$H$43,match(H$45,INPUT!$A$27:$A$43,0),match($B55,INPUT!$A$27:$H$27,0)),"")} | J55: {=iferror(index(INPUT!$A$27:$H$43,match(J$45,INPUT!$A$27:$A$43,0),match($B55,INPUT!$A$27:$H$27,0)),"")} | L55: {=iferror(index(INPUT!$A$27:$H$43,match(L$45,INPUT!$A$27:$A$43,0),match($B55,INPUT!$A$27:$H$27,0)),"")} | N55: {=iferror(index(INPUT!$A$27:$H$43,match(N$45,INPUT!$A$27:$A$43,0),match($B55,INPUT!$A$27:$H$27,0)),"")} | P55: {=iferror(index(INPUT!$A$27:$H$43,match(P$45,INPUT!$A$27:$A$43,0),match($B55,INPUT!$A$27:$H$27,0)),"")} | R55: {=iferror(index(INPUT!$A$27:$H$43,match(R$45,INPUT!$A$27:$A$43,0),match($B55,INPUT!$A$27:$H$27,0)),"")} | T55: {=iferror(index(INPUT!$A$27:$H$43,match(T$45,INPUT!$A$27:$A$43,0),match($B55,INPUT!$A$27:$H$27,0)),"")} | V55: {=iferror(index(INPUT!$A$27:$H$43,match(V$45,INPUT!$A$27:$A$43,0),match($B55,INPUT!$A$27:$H$27,0)),"")} | X55: {=iferror(index(INPUT!$A$27:$H$43,match(X$45,INPUT!$A$27:$A$43,0),match($B55,INPUT!$A$27:$H$27,0)),"")} | Z55: {=iferror(index(INPUT!$A$27:$H$43,match(Z$45,INPUT!$A$27:$A$43,0),match($B55,INPUT!$A$27:$H$27,0)),"")} | AB55: {=iferror(index(INPUT!$A$27:$H$43,match(AB$45,INPUT!$A$27:$A$43,0),match($B55,INPUT!$A$27:$H$27,0)),"")} | AD55: {=iferror(index(INPUT!$A$27:$H$43,match(AD$45,INPUT!$A$27:$A$43,0),match($B55,INPUT!$A$27:$H$27,0)),"")} | AF55: {=iferror(index(INPUT!$A$27:$H$43,match(AF$45,INPUT!$A$27:$A$43,0),match($B55,INPUT!$A$27:$H$27,0)),"")}
D56: =TEXTJOIN("-",1,D54:D55) | E56: =TEXTJOIN("-",1,E54:E55) | F56: =TEXTJOIN("-",1,F54:F55) | G56: =TEXTJOIN("-",1,G54:G55) | H56: =TEXTJOIN("-",1,H54:H55) | I56: =TEXTJOIN("-",1,I54:I55) | J56: =TEXTJOIN("-",1,J54:J55) | K56: =TEXTJOIN("-",1,K54:K55) | ... AG56: =TEXTJOIN("-",1,AG54:AG55)

Sheet Charts
B20: Footnote:
A21: 1 | B21: Charts are for teacher to reflect on their enacted lesson vs planned lesson.
A22: 2 | B22: Time allocated for the different types of activity and types of interaction are to support teachers in reflecting if the activity design is adequate for the learning outcome.
A23: 3 | B23: There is no specific ratio for the time spends and types of interaction.

Sheet LEGEND
A1: Render | B1: KAT | C1: Image link | E1: ALP | F1: COLOUR | G1: HEX | I1: Interaction | J1: Social Ladder | K1: Y-axis | M1: Time
A2: =IMAGE(C2,1) -> #REF! | B2: Support Assessment for Learning | C2: https://imgur.com/OKELOmE.png | E2: Activate learning | G2: #6aced8 | I2: Student - Community | J2: Community | K2: 3 | M2: 5
A3: =IMAGE(C3,1) -> #REF! | B3: Develop Metacognition | C3: https://imgur.com/GcMDdyp.png | E3: Promote thinking and discussion | G3: #cc6bff | I3: Teacher - Student | J3: Class | K3: 2 | M3: =M2+5 -> 10
A4: =IMAGE(C4,1) -> #REF! | B4: Facilitate Learning Together | C4: https://imgur.com/I6filTP.png | E4: Facilitate demonstration of learning | G4: #ffc000 | I4: Student - Student | J4: Group | K4: 1 | M4: =M3+5 -> 15
A5: =IMAGE(C5,1) -> #REF! | B5: Foster Conceptual Change | C5: https://imgur.com/B5AW0KZ.png | E5: Monitor and provide feedback | G5: #f6bbbf | I5: Student - Content | J5: Individual | K5: 0 | M5: =M4+5 -> 20
A6: =IMAGE(C6,1) -> #REF! | B6: Provide Differentiation | C6: https://imgur.com/PuEv8Mx.png | M6: =M5+5 -> 25
A7: =IMAGE(C7,1) -> #REF! | B7: Enable Personalisation | C7: https://imgur.com/1PLHk6i.png | M7: =M6+5 -> 30
A8: =IMAGE(C8,1) -> #REF! | B8: Embed Scaffolding | C8: https://imgur.com/nL9ecjp.png | M8: =M7+5 -> 35
A9: =IMAGE(C9,1) -> #REF! | B9: Increase Motivation | C9: https://imgur.com/1N0vwh1.png | M9: =M8+5 -> 40
M10: =M9+5 -> 45
M11: =M10+5 -> 50
M12: =M11+5 -> 55
M13: =M12+5 -> 60

Sheet Chart helper
A1: ALP | B1: Mins | C1: COLOUR | E1: Interaction | F1: Social Ladder | G1: Y-axis | I1: Sync / Async | K1: Physical | M1: Virtual
A2: Activate learning | B2: =sumifs(INPUT!$E$29:$E$43,INPUT!$C$29:$C$43,A2) -> 0 | E2: Student - Community | F2: Community | G2: =sumifs(INPUT!$E$29:$E$43,INPUT!$B$29:$B$43,E2) -> 0 | I2: Synchronous | K2: =sumifs(Output!$53:$53,Output!$56:$56,textjoin("-",1,K$1,$I2)) -> 0 | M2: =sumifs(Output!$53:$53,Output!$56:$56,textjoin("-",1,M$1,$I2)) -> 0
A3: Promote thinking and discussion | B3: =sumifs(INPUT!$E$29:$E$43,INPUT!$C$29:$C$43,A3) -> 0 | E3: Teacher - Student | F3: Class | G3: =sumifs(INPUT!$E$29:$E$43,INPUT!$B$29:$B$43,E3) -> 25 | I3: Asynchronous | K3: =sumifs(Output!$53:$53,Output!$56:$56,textjoin("-",1,K$1,$I3)) -> 0 | M3: =sumifs(Output!$53:$53,Output!$56:$56,textjoin("-",1,M$1,$I3)) -> 0
A4: Facilitate demonstration of learning | B4: =sumifs(INPUT!$E$29:$E$43,INPUT!$C$29:$C$43,A4) -> 0 | E4: Student - Student | F4: Group | G4: =sumifs(INPUT!$E$29:$E$43,INPUT!$B$29:$B$43,E4) -> 0
A5: Monitor and provide feedback | B5: =sumifs(INPUT!$E$29:$E$43,INPUT!$C$29:$C$43,A5) -> 0 | E5: Student - Content | F5: Individual | G5: =sumifs(INPUT!$E$29:$E$43,INPUT!$B$29:$B$43,E5) -> 0
A8: NEW
